{
  "domains": {
    "financial": {
      "name": "Financial Analysis",
      "permutation_wins": 5,
      "baseline_wins": 0,
      "permutation_avg_quality": 0.8889128014636943,
      "baseline_avg_quality": 0.6820898040354104,
      "permutation_avg_time": 434.24367359672704,
      "baseline_avg_time": 1233.9466369290217,
      "permutation_avg_cost": 0.08,
      "baseline_avg_cost": 0.15,
      "quality_improvement": 30.321959983079704,
      "speed_improvement": 64.8085532549893,
      "cost_improvement": 46.666666666666664
    },
    "crypto": {
      "name": "Cryptocurrency Analysis",
      "permutation_wins": 5,
      "baseline_wins": 0,
      "permutation_avg_quality": 0.9109946015350326,
      "baseline_avg_quality": 0.6923898785204716,
      "permutation_avg_time": 386.1711898762584,
      "baseline_avg_time": 1530.4888266078717,
      "permutation_avg_cost": 0.09,
      "baseline_avg_cost": 0.18,
      "quality_improvement": 31.572489690589496,
      "speed_improvement": 74.76811439831572,
      "cost_improvement": 50
    },
    "real_estate": {
      "name": "Real Estate Investment",
      "permutation_wins": 5,
      "baseline_wins": 0,
      "permutation_avg_quality": 0.8643453323806444,
      "baseline_avg_quality": 0.762519974150365,
      "permutation_avg_time": 432.80334907218804,
      "baseline_avg_time": 1080.4107112988845,
      "permutation_avg_cost": 0.07,
      "baseline_avg_cost": 0.14,
      "quality_improvement": 13.353795530895818,
      "speed_improvement": 59.94084985034387,
      "cost_improvement": 50
    },
    "healthcare": {
      "name": "Healthcare Analysis",
      "permutation_wins": 5,
      "baseline_wins": 0,
      "permutation_avg_quality": 0.8738208043194963,
      "baseline_avg_quality": 0.7559959306604925,
      "permutation_avg_time": 493.27720543658205,
      "baseline_avg_time": 1309.4605204978811,
      "permutation_avg_cost": 0.08,
      "baseline_avg_cost": 0.16,
      "quality_improvement": 15.58538464037279,
      "speed_improvement": 62.329738261293365,
      "cost_improvement": 50
    },
    "legal": {
      "name": "Legal Analysis",
      "permutation_wins": 5,
      "baseline_wins": 0,
      "permutation_avg_quality": 0.8514011374807946,
      "baseline_avg_quality": 0.6981072068998028,
      "permutation_avg_time": 530.3136472437307,
      "baseline_avg_time": 1445.0354647024526,
      "permutation_avg_cost": 0.09,
      "baseline_avg_cost": 0.17,
      "quality_improvement": 21.958508530766917,
      "speed_improvement": 63.30099432176029,
      "cost_improvement": 47.05882352941177
    },
    "technology": {
      "name": "Technology & Engineering",
      "permutation_wins": 5,
      "baseline_wins": 0,
      "permutation_avg_quality": 0.88552895062004,
      "baseline_avg_quality": 0.7132211087826777,
      "permutation_avg_time": 361.62022053950784,
      "baseline_avg_time": 1017.0496152172778,
      "permutation_avg_cost": 0.06,
      "baseline_avg_cost": 0.13,
      "quality_improvement": 24.159105740919028,
      "speed_improvement": 64.4441908114529,
      "cost_improvement": 53.846153846153854
    },
    "education": {
      "name": "Educational Content",
      "permutation_wins": 5,
      "baseline_wins": 0,
      "permutation_avg_quality": 0.8936637102919895,
      "baseline_avg_quality": 0.7465040259329581,
      "permutation_avg_time": 395.90892758668394,
      "baseline_avg_time": 1187.8410620088573,
      "permutation_avg_cost": 0.07,
      "baseline_avg_cost": 0.15,
      "quality_improvement": 19.713180270543855,
      "speed_improvement": 66.66987358417049,
      "cost_improvement": 53.333333333333336
    },
    "marketing": {
      "name": "Marketing & Sales",
      "permutation_wins": 5,
      "baseline_wins": 0,
      "permutation_avg_quality": 0.8692075062124767,
      "baseline_avg_quality": 0.7146384167856648,
      "permutation_avg_time": 393.4958657186513,
      "baseline_avg_time": 1098.848757591375,
      "permutation_avg_cost": 0.07,
      "baseline_avg_cost": 0.14,
      "quality_improvement": 21.62899248014685,
      "speed_improvement": 64.19017057623327,
      "cost_improvement": 50
    },
    "manufacturing": {
      "name": "Manufacturing & Operations",
      "permutation_wins": 5,
      "baseline_wins": 0,
      "permutation_avg_quality": 0.8567322568530246,
      "baseline_avg_quality": 0.7214574676920151,
      "permutation_avg_time": 433.7999973144736,
      "baseline_avg_time": 1292.9690617762058,
      "permutation_avg_cost": 0.08,
      "baseline_avg_cost": 0.16,
      "quality_improvement": 18.750209848650044,
      "speed_improvement": 66.44931343379984,
      "cost_improvement": 50
    },
    "energy": {
      "name": "Energy & Sustainability",
      "permutation_wins": 5,
      "baseline_wins": 0,
      "permutation_avg_quality": 0.8584526525339455,
      "baseline_avg_quality": 0.6842734538579249,
      "permutation_avg_time": 495.8489183034508,
      "baseline_avg_time": 1429.3097723160226,
      "permutation_avg_cost": 0.08,
      "baseline_avg_cost": 0.17,
      "quality_improvement": 25.454618719168558,
      "speed_improvement": 65.30850569222738,
      "cost_improvement": 52.94117647058824
    },
    "agriculture": {
      "name": "Agriculture & Food",
      "permutation_wins": 5,
      "baseline_wins": 0,
      "permutation_avg_quality": 0.8427934167138809,
      "baseline_avg_quality": 0.7060594782379092,
      "permutation_avg_time": 508.85563726806015,
      "baseline_avg_time": 1538.4533404226386,
      "permutation_avg_cost": 0.09,
      "baseline_avg_cost": 0.18,
      "quality_improvement": 19.365781876792358,
      "speed_improvement": 66.92420732576335,
      "cost_improvement": 50
    },
    "logistics": {
      "name": "Logistics & Transportation",
      "permutation_wins": 5,
      "baseline_wins": 0,
      "permutation_avg_quality": 0.874774051692178,
      "baseline_avg_quality": 0.7079682239239944,
      "permutation_avg_time": 405.3977791000082,
      "baseline_avg_time": 1192.8898391131559,
      "permutation_avg_cost": 0.07,
      "baseline_avg_cost": 0.15,
      "quality_improvement": 23.561202626248303,
      "speed_improvement": 66.01548895735438,
      "cost_improvement": 53.333333333333336
    }
  },
  "overall": {
    "permutation_wins": 60,
    "baseline_wins": 0,
    "total_queries": 60,
    "total_permutation_time": 26358.682055281613,
    "total_baseline_time": 76783.51804240822,
    "total_permutation_cost": 4.6499999999999995,
    "total_baseline_cost": 9.4
  }
}